site_id,postcode,state,timezone_id
515850145,2903,ACT,Australia/Sydney
739575630,2914,ACT,Australia/Sydney
2011366,2680,NSW,Australia/Sydney
2644595,2284,NSW,Australia/Sydney
11320202,2525,NSW,Australia/Sydney
13956999,2320,NSW,Australia/Sydney
33987251,2478,NSW,Australia/Sydney
48862537,2480,NSW,Australia/Sydney
49429263,2315,NSW,Australia/Sydney
49564658,2480,NSW,Australia/Sydney
53635958,2234,NSW,Australia/Sydney
62255594,2075,NSW,Australia/Sydney
68034589,2234,NSW,Australia/Sydney
79771551,2541,NSW,Australia/Sydney
89483095,2285,NSW,Australia/Sydney
92774670,2075,NSW,Australia/Sydney
116094789,2470,NSW,Australia/Sydney
120179012,2535,NSW,Australia/Sydney
127328059,2101,NSW,Australia/Sydney
128581770,2795,NSW,Australia/Sydney
150390376,2064,NSW,Australia/Sydney
154306047,2147,NSW,Australia/Sydney
154501124,2092,NSW,Australia/Sydney
171314097,2218,NSW,Australia/Sydney
174204286,2850,NSW,Australia/Sydney
202546857,2343,NSW,Australia/Sydney
207500400,2322,NSW,Australia/Sydney
213653893,2233,NSW,Australia/Sydney
227797693,2477,NSW,Australia/Sydney
234805062,2680,NSW,Australia/Sydney
241493330,2233,NSW,Australia/Sydney
247539791,2330,NSW,Australia/Sydney
261827202,2094,NSW,Australia/Sydney
266703833,2770,NSW,Australia/Sydney
272959016,2119,NSW,Australia/Sydney
273630726,2445,NSW,Australia/Sydney
285152629,2031,NSW,Australia/Sydney
289095738,2820,NSW,Australia/Sydney
300390349,2675,NSW,Australia/Sydney
304333426,2287,NSW,Australia/Sydney
306450364,2226,NSW,Australia/Sydney
314205404,2878,NSW,Australia/Sydney
314553875,2287,NSW,Australia/Sydney
328266815,2463,NSW,Australia/Sydney
331310377,2448,NSW,Australia/Sydney
335623122,2428,NSW,Australia/Sydney
340069308,2484,NSW,Australia/Sydney
358142750,2474,NSW,Australia/Sydney
363310794,2535,NSW,Australia/Sydney
383347768,2265,NSW,Australia/Sydney
384745230,2099,NSW,Australia/Sydney
395223401,2066,NSW,Australia/Sydney
409649773,2573,NSW,Australia/Sydney
417635758,2830,NSW,Australia/Sydney
426857276,2456,NSW,Australia/Sydney
428690284,2038,NSW,Australia/Sydney
435076452,2070,NSW,Australia/Sydney
454106336,2830,NSW,Australia/Sydney
459064828,2040,NSW,Australia/Sydney
460635754,2147,NSW,Australia/Sydney
463598659,2206,NSW,Australia/Sydney
468977790,2444,NSW,Australia/Sydney
478129502,2560,NSW,Australia/Sydney
494467697,2850,NSW,Australia/Sydney
499003535,2430,NSW,Australia/Sydney
508131094,2259,NSW,Australia/Sydney
517322286,2440,NSW,Australia/Sydney
526308181,2541,NSW,Australia/Sydney
551352344,2340,NSW,Australia/Sydney
585421420,2096,NSW,Australia/Sydney
604752008,2039,NSW,Australia/Sydney
611813832,2089,NSW,Australia/Sydney
613403579,2285,NSW,Australia/Sydney
625281624,2259,NSW,Australia/Sydney
626932879,2630,NSW,Australia/Sydney
634071279,2203,NSW,Australia/Sydney
635207596,2486,NSW,Australia/Sydney
640687299,2167,NSW,Australia/Sydney
650853837,2259,NSW,Australia/Sydney
652545187,2753,NSW,Australia/Sydney
671854262,2126,NSW,Australia/Sydney
680953421,2206,NSW,Australia/Sydney
698850391,2097,NSW,Australia/Sydney
713833662,2761,NSW,Australia/Sydney
719435817,2284,NSW,Australia/Sydney
724961940,2026,NSW,Australia/Sydney
725126763,2324,NSW,Australia/Sydney
726765075,2093,NSW,Australia/Sydney
728031397,2570,NSW,Australia/Sydney
734601754,2323,NSW,Australia/Sydney
748081490,2316,NSW,Australia/Sydney
759310369,2481,NSW,Australia/Sydney
760202887,2086,NSW,Australia/Sydney
767698846,2122,NSW,Australia/Sydney
801451236,2759,NSW,Australia/Sydney
815002519,2220,NSW,Australia/Sydney
834792356,2316,NSW,Australia/Sydney
835169206,2750,NSW,Australia/Sydney
846543212,2758,NSW,Australia/Sydney
849976050,2446,NSW,Australia/Sydney
858565768,2234,NSW,Australia/Sydney
864578115,2141,NSW,Australia/Sydney
872900895,2100,NSW,Australia/Sydney
875549301,2479,NSW,Australia/Sydney
880368884,2587,NSW,Australia/Sydney
881791351,2324,NSW,Australia/Sydney
885246896,2261,NSW,Australia/Sydney
900853689,2337,NSW,Australia/Sydney
901601049,2096,NSW,Australia/Sydney
912014664,2233,NSW,Australia/Sydney
918070741,2326,NSW,Australia/Sydney
929568120,2758,NSW,Australia/Sydney
930502952,2085,NSW,Australia/Sydney
931486918,2333,NSW,Australia/Sydney
932399613,2318,NSW,Australia/Sydney
944624255,2225,NSW,Australia/Sydney
951620973,2534,NSW,Australia/Sydney
974813232,2320,NSW,Australia/Sydney
983601573,2321,NSW,Australia/Sydney
986946254,2777,NSW,Australia/Sydney
1000459741,2082,NSW,Australia/Sydney
1004400538,2285,NSW,Australia/Sydney
1017288030,2320,NSW,Australia/Sydney
1073563061,2777,NSW,Australia/Sydney
1115633154,2220,NSW,Australia/Sydney
1122158601,2850,NSW,Australia/Sydney
1122467950,2289,NSW,Australia/Sydney
1129843882,2487,NSW,Australia/Sydney
1135593154,2082,NSW,Australia/Sydney
1141835204,2770,NSW,Australia/Sydney
1166890435,2574,NSW,Australia/Sydney
1173642922,2541,NSW,Australia/Sydney
1177135954,2650,NSW,Australia/Sydney
1191260378,2144,NSW,Australia/Sydney
1191327863,2324,NSW,Australia/Sydney
1194618621,2759,NSW,Australia/Sydney
1247755859,2794,NSW,Australia/Sydney
1252801870,2650,NSW,Australia/Sydney
1252968211,2790,NSW,Australia/Sydney
1254638750,2322,NSW,Australia/Sydney
1259699321,2800,NSW,Australia/Sydney
1292008212,2337,NSW,Australia/Sydney
1300062528,2594,NSW,Australia/Sydney
1302289792,2830,NSW,Australia/Sydney
1302684838,2110,NSW,Australia/Sydney
1324933763,2049,NSW,Australia/Sydney
1325340512,2076,NSW,Australia/Sydney
1332539082,2126,NSW,Australia/Sydney
1335152672,2250,NSW,Australia/Sydney
1352535240,2830,NSW,Australia/Sydney
1364526604,2065,NSW,Australia/Sydney
1368020065,2296,NSW,Australia/Sydney
1371410465,2372,NSW,Australia/Sydney
1374067079,2479,NSW,Australia/Sydney
1376173820,2650,NSW,Australia/Sydney
1381630440,2148,NSW,Australia/Sydney
1386801875,2350,NSW,Australia/Sydney
1389922386,2650,NSW,Australia/Sydney
1416134220,2830,NSW,Australia/Sydney
1419821972,2049,NSW,Australia/Sydney
1425100286,2321,NSW,Australia/Sydney
1426213400,2137,NSW,Australia/Sydney
1428105701,2541,NSW,Australia/Sydney
1432278707,2330,NSW,Australia/Sydney
1444664204,2489,NSW,Australia/Sydney
1446135290,2340,NSW,Australia/Sydney
1450046188,2323,NSW,Australia/Sydney
1452825590,2038,NSW,Australia/Sydney
1462467700,2096,NSW,Australia/Sydney
1474499040,2038,NSW,Australia/Sydney
1490255250,2320,NSW,Australia/Sydney
1493229780,2321,NSW,Australia/Sydney
1498756947,2283,NSW,Australia/Sydney
1498838824,2195,NSW,Australia/Sydney
1521856668,2065,NSW,Australia/Sydney
1522544332,2340,NSW,Australia/Sydney
1532046713,2320,NSW,Australia/Sydney
1542852177,2590,NSW,Australia/Sydney
1544800300,2323,NSW,Australia/Sydney
1552378221,2259,NSW,Australia/Sydney
1565603621,2818,NSW,Australia/Sydney
1567449096,2259,NSW,Australia/Sydney
1580376746,2460,NSW,Australia/Sydney
1596980359,2340,NSW,Australia/Sydney
1597060337,2850,NSW,Australia/Sydney
1599425477,2756,NSW,Australia/Sydney
1603686115,2444,NSW,Australia/Sydney
1622332194,2287,NSW,Australia/Sydney
1625502330,2233,NSW,Australia/Sydney
1636043763,2536,NSW,Australia/Sydney
1643613313,2350,NSW,Australia/Sydney
1654709269,2830,NSW,Australia/Sydney
1659361784,2290,NSW,Australia/Sydney
1662567174,2077,NSW,Australia/Sydney
1667277448,2282,NSW,Australia/Sydney
1668300434,2576,NSW,Australia/Sydney
1692172702,2250,NSW,Australia/Sydney
1709278074,2286,NSW,Australia/Sydney
1711480155,2650,NSW,Australia/Sydney
1715083566,2065,NSW,Australia/Sydney
1717678934,2487,NSW,Australia/Sydney
1719546731,2233,NSW,Australia/Sydney
1735126951,2117,NSW,Australia/Sydney
1740635602,2705,NSW,Australia/Sydney
1749057361,2155,NSW,Australia/Sydney
1751949044,2259,NSW,Australia/Sydney
1769624492,2207,NSW,Australia/Sydney
1770179568,2575,NSW,Australia/Sydney
1774919217,2323,NSW,Australia/Sydney
1784943958,2150,NSW,Australia/Sydney
1798951442,2092,NSW,Australia/Sydney
1799095089,2800,NSW,Australia/Sydney
1816542455,2878,NSW,Australia/Sydney
1834980348,2022,NSW,Australia/Sydney
1835254855,2850,NSW,Australia/Sydney
1851828230,2756,NSW,Australia/Sydney
1852193999,2287,NSW,Australia/Sydney
1858195637,2323,NSW,Australia/Sydney
1860747251,2204,NSW,Australia/Sydney
1865773554,2460,NSW,Australia/Sydney
1866115677,2284,NSW,Australia/Sydney
1912777523,2640,NSW,Australia/Sydney
1923830664,2262,NSW,Australia/Sydney
1930104045,2119,NSW,Australia/Sydney
1942498631,2285,NSW,Australia/Sydney
1945008251,2680,NSW,Australia/Sydney
1971767854,2484,NSW,Australia/Sydney
1983364021,2064,NSW,Australia/Sydney
1989637454,2038,NSW,Australia/Sydney
2016102695,2257,NSW,Australia/Sydney
2016390337,2650,NSW,Australia/Sydney
2016678982,2050,NSW,Australia/Sydney
2018954914,2390,NSW,Australia/Sydney
2022793011,2333,NSW,Australia/Sydney
2022865259,2680,NSW,Australia/Sydney
2026732272,2450,NSW,Australia/Sydney
2048157591,2680,NSW,Australia/Sydney
2049410434,2535,NSW,Australia/Sydney
2053825723,2099,NSW,Australia/Sydney
2067064175,2283,NSW,Australia/Sydney
2075654373,2655,NSW,Australia/Sydney
2088492324,2041,NSW,Australia/Sydney
2089558723,2460,NSW,Australia/Sydney
2089626236,2103,NSW,Australia/Sydney
2092462470,2232,NSW,Australia/Sydney
2096962567,2786,NSW,Australia/Sydney
2102516665,2233,NSW,Australia/Sydney
2102893515,2034,NSW,Australia/Sydney
2103066864,2800,NSW,Australia/Sydney
2104145344,2482,NSW,Australia/Sydney
2109433870,2250,NSW,Australia/Sydney
2125134121,2070,NSW,Australia/Sydney
2144302879,2334,NSW,Australia/Sydney
6103020,4702,QLD,Australia/Brisbane
17741532,4564,QLD,Australia/Brisbane
23802476,4017,QLD,Australia/Brisbane
40281398,4170,QLD,Australia/Brisbane
40919374,4209,QLD,Australia/Brisbane
43455975,4220,QLD,Australia/Brisbane
45034994,4304,QLD,Australia/Brisbane
46273932,4741,QLD,Australia/Brisbane
51254079,4717,QLD,Australia/Brisbane
60993991,4305,QLD,Australia/Brisbane
77491219,4018,QLD,Australia/Brisbane
92071696,4575,QLD,Australia/Brisbane
104989603,4650,QLD,Australia/Brisbane
126283799,4165,QLD,Australia/Brisbane
129936914,4350,QLD,Australia/Brisbane
131097238,4500,QLD,Australia/Brisbane
133852058,4163,QLD,Australia/Brisbane
173994775,4012,QLD,Australia/Brisbane
186331009,4560,QLD,Australia/Brisbane
228489689,4552,QLD,Australia/Brisbane
230589246,4800,QLD,Australia/Brisbane
230966412,4053,QLD,Australia/Brisbane
241271752,4017,QLD,Australia/Brisbane
243548097,4214,QLD,Australia/Brisbane
264445722,4559,QLD,Australia/Brisbane
315622138,4205,QLD,Australia/Brisbane
327993590,4034,QLD,Australia/Brisbane
333578417,4172,QLD,Australia/Brisbane
355817239,4133,QLD,Australia/Brisbane
366732948,4207,QLD,Australia/Brisbane
372817007,4211,QLD,Australia/Brisbane
373739408,4216,QLD,Australia/Brisbane
396552888,4121,QLD,Australia/Brisbane
402468830,4132,QLD,Australia/Brisbane
408450837,4207,QLD,Australia/Brisbane
411999235,4551,QLD,Australia/Brisbane
419674474,4715,QLD,Australia/Brisbane
429924320,4280,QLD,Australia/Brisbane
430976744,4020,QLD,Australia/Brisbane
437606745,4210,QLD,Australia/Brisbane
454333399,4655,QLD,Australia/Brisbane
456964842,4227,QLD,Australia/Brisbane
459991966,4213,QLD,Australia/Brisbane
460805291,4280,QLD,Australia/Brisbane
468485328,4210,QLD,Australia/Brisbane
485993539,4510,QLD,Australia/Brisbane
487359656,4132,QLD,Australia/Brisbane
493288080,4157,QLD,Australia/Brisbane
502373274,4870,QLD,Australia/Brisbane
505713029,4053,QLD,Australia/Brisbane
513054730,4570,QLD,Australia/Brisbane
514248804,4211,QLD,Australia/Brisbane
523047866,4184,QLD,Australia/Brisbane
543147061,4670,QLD,Australia/Brisbane
558829996,4563,QLD,Australia/Brisbane
569311199,4280,QLD,Australia/Brisbane
577341905,4165,QLD,Australia/Brisbane
586503715,4124,QLD,Australia/Brisbane
586527755,4113,QLD,Australia/Brisbane
593507228,4154,QLD,Australia/Brisbane
602393300,4074,QLD,Australia/Brisbane
603340708,4702,QLD,Australia/Brisbane
603579184,4069,QLD,Australia/Brisbane
609185751,4567,QLD,Australia/Brisbane
617523956,4173,QLD,Australia/Brisbane
646880841,4701,QLD,Australia/Brisbane
651423412,4036,QLD,Australia/Brisbane
657276703,4720,QLD,Australia/Brisbane
671090503,4520,QLD,Australia/Brisbane
671282194,4510,QLD,Australia/Brisbane
671621059,4717,QLD,Australia/Brisbane
677333055,4116,QLD,Australia/Brisbane
689045440,4055,QLD,Australia/Brisbane
717470730,4064,QLD,Australia/Brisbane
731073921,4034,QLD,Australia/Brisbane
731480064,4053,QLD,Australia/Brisbane
750212792,4504,QLD,Australia/Brisbane
758907147,4352,QLD,Australia/Brisbane
762981793,4311,QLD,Australia/Brisbane
768946863,4165,QLD,Australia/Brisbane
786801023,4051,QLD,Australia/Brisbane
797841169,4812,QLD,Australia/Brisbane
807568245,4300,QLD,Australia/Brisbane
809748671,4209,QLD,Australia/Brisbane
814119759,4115,QLD,Australia/Brisbane
814587644,4306,QLD,Australia/Brisbane
824423051,4352,QLD,Australia/Brisbane
830404513,4070,QLD,Australia/Brisbane
840266858,4209,QLD,Australia/Brisbane
842574544,4560,QLD,Australia/Brisbane
850117220,4124,QLD,Australia/Brisbane
850245427,4220,QLD,Australia/Brisbane
851083838,4280,QLD,Australia/Brisbane
859508346,4170,QLD,Australia/Brisbane
868679721,4179,QLD,Australia/Brisbane
870975794,4127,QLD,Australia/Brisbane
876186709,4720,QLD,Australia/Brisbane
879390244,4070,QLD,Australia/Brisbane
882407600,4209,QLD,Australia/Brisbane
890874663,4165,QLD,Australia/Brisbane
908522520,4506,QLD,Australia/Brisbane
910328017,4152,QLD,Australia/Brisbane
944901235,4073,QLD,Australia/Brisbane
955067773,4213,QLD,Australia/Brisbane
957928559,4019,QLD,Australia/Brisbane
960193414,4037,QLD,Australia/Brisbane
981959413,4022,QLD,Australia/Brisbane
1013727485,4650,QLD,Australia/Brisbane
1024839394,4502,QLD,Australia/Brisbane
1024993140,4556,QLD,Australia/Brisbane
1035697819,4560,QLD,Australia/Brisbane
1036468314,4285,QLD,Australia/Brisbane
1042949451,4124,QLD,Australia/Brisbane
1052397889,4170,QLD,Australia/Brisbane
1052901960,4165,QLD,Australia/Brisbane
1053641683,4563,QLD,Australia/Brisbane
1060227832,4223,QLD,Australia/Brisbane
1061716286,4802,QLD,Australia/Brisbane
1064203251,4228,QLD,Australia/Brisbane
1110577945,4208,QLD,Australia/Brisbane
1112438379,4055,QLD,Australia/Brisbane
1117389570,4127,QLD,Australia/Brisbane
1124398899,4211,QLD,Australia/Brisbane
1129116738,4127,QLD,Australia/Brisbane
1150449095,4012,QLD,Australia/Brisbane
1151858083,4869,QLD,Australia/Brisbane
1169002919,4510,QLD,Australia/Brisbane
1176290697,4300,QLD,Australia/Brisbane
1177124361,4074,QLD,Australia/Brisbane
1192160560,4069,QLD,Australia/Brisbane
1201849983,4060,QLD,Australia/Brisbane
1210720804,4164,QLD,Australia/Brisbane
1236989926,4350,QLD,Australia/Brisbane
1245117101,4208,QLD,Australia/Brisbane
1247815583,4164,QLD,Australia/Brisbane
1253875504,4300,QLD,Australia/Brisbane
1254500003,4560,QLD,Australia/Brisbane
1292510239,4211,QLD,Australia/Brisbane
1301406938,4738,QLD,Australia/Brisbane
1308414311,4756,QLD,Australia/Brisbane
1309556415,4207,QLD,Australia/Brisbane
1313466315,4078,QLD,Australia/Brisbane
1320350188,4306,QLD,Australia/Brisbane
1323929011,4352,QLD,Australia/Brisbane
1324021100,4178,QLD,Australia/Brisbane
1361794340,4879,QLD,Australia/Brisbane
1365832463,4753,QLD,Australia/Brisbane
1370597140,4212,QLD,Australia/Brisbane
1384052356,4575,QLD,Australia/Brisbane
1409618850,4370,QLD,Australia/Brisbane
1413259863,4556,QLD,Australia/Brisbane
1423845063,4171,QLD,Australia/Brisbane
1437471778,4800,QLD,Australia/Brisbane
1448322038,4551,QLD,Australia/Brisbane
1449942486,4068,QLD,Australia/Brisbane
1451036406,4207,QLD,Australia/Brisbane
1451449856,4798,QLD,Australia/Brisbane
1459674833,4227,QLD,Australia/Brisbane
1467077264,4504,QLD,Australia/Brisbane
1468564809,4350,QLD,Australia/Brisbane
1491221868,4511,QLD,Australia/Brisbane
1509843729,4358,QLD,Australia/Brisbane
1514221943,4341,QLD,Australia/Brisbane
1516886154,4216,QLD,Australia/Brisbane
1519472386,4012,QLD,Australia/Brisbane
1545540591,4125,QLD,Australia/Brisbane
1559939172,4214,QLD,Australia/Brisbane
1565220907,4506,QLD,Australia/Brisbane
1576347744,4078,QLD,Australia/Brisbane
1584676388,4564,QLD,Australia/Brisbane
1596484062,4510,QLD,Australia/Brisbane
1617901387,4105,QLD,Australia/Brisbane
1618214000,4209,QLD,Australia/Brisbane
1628514955,4343,QLD,Australia/Brisbane
1635874933,4133,QLD,Australia/Brisbane
1639855210,4064,QLD,Australia/Brisbane
1641507112,4871,QLD,Australia/Brisbane
1643595556,4128,QLD,Australia/Brisbane
1650967179,4343,QLD,Australia/Brisbane
1673814471,4214,QLD,Australia/Brisbane
1688455547,4209,QLD,Australia/Brisbane
1704118180,4019,QLD,Australia/Brisbane
1739245808,4340,QLD,Australia/Brisbane
1755416020,4165,QLD,Australia/Brisbane
1768115669,4209,QLD,Australia/Brisbane
1804501625,4870,QLD,Australia/Brisbane
1807162955,4127,QLD,Australia/Brisbane
1819166341,4800,QLD,Australia/Brisbane
1819347473,4209,QLD,Australia/Brisbane
1821379934,4504,QLD,Australia/Brisbane
1828011983,4012,QLD,Australia/Brisbane
1863760263,4210,QLD,Australia/Brisbane
1866041381,4508,QLD,Australia/Brisbane
1874388346,4551,QLD,Australia/Brisbane
1883623070,4560,QLD,Australia/Brisbane
1888870155,4170,QLD,Australia/Brisbane
1889835205,4573,QLD,Australia/Brisbane
1900158835,4550,QLD,Australia/Brisbane
1921427042,4127,QLD,Australia/Brisbane
1930411016,4560,QLD,Australia/Brisbane
1939847944,4275,QLD,Australia/Brisbane
1944473456,4280,QLD,Australia/Brisbane
1953975853,4655,QLD,Australia/Brisbane
1955590116,4130,QLD,Australia/Brisbane
1959193547,4519,QLD,Australia/Brisbane
1962093762,4207,QLD,Australia/Brisbane
1965574328,4705,QLD,Australia/Brisbane
1976940643,4560,QLD,Australia/Brisbane
1987831832,4300,QLD,Australia/Brisbane
1989356043,4211,QLD,Australia/Brisbane
1989804127,4800,QLD,Australia/Brisbane
1998663327,4350,QLD,Australia/Brisbane
1999038196,4018,QLD,Australia/Brisbane
1999131236,4737,QLD,Australia/Brisbane
2014211888,4500,QLD,Australia/Brisbane
2017515531,4350,QLD,Australia/Brisbane
2029852787,4562,QLD,Australia/Brisbane
2046587705,4799,QLD,Australia/Brisbane
2071709766,4017,QLD,Australia/Brisbane
2073090346,4305,QLD,Australia/Brisbane
2078039670,4285,QLD,Australia/Brisbane
2085202110,4211,QLD,Australia/Brisbane
2092639786,4555,QLD,Australia/Brisbane
2115304985,4053,QLD,Australia/Brisbane
2123143049,4500,QLD,Australia/Brisbane
2134403807,4504,QLD,Australia/Brisbane
2144537561,4133,QLD,Australia/Brisbane
2145408708,4350,QLD,Australia/Brisbane
2147461500,4055,QLD,Australia/Brisbane
10393064,5096,SA,Australia/Adelaide
14300083,5097,SA,Australia/Adelaide
30377998,5290,SA,Australia/Adelaide
32630376,5039,SA,Australia/Adelaide
52070767,5039,SA,Australia/Adelaide
55170123,5070,SA,Australia/Adelaide
55493030,5214,SA,Australia/Adelaide
59605842,5033,SA,Australia/Adelaide
69778927,5018,SA,Australia/Adelaide
69886440,5097,SA,Australia/Adelaide
74986997,5065,SA,Australia/Adelaide
75825052,5084,SA,Australia/Adelaide
77678245,5333,SA,Australia/Adelaide
81362080,5110,SA,Australia/Adelaide
89378912,5214,SA,Australia/Adelaide
102125415,5167,SA,Australia/Adelaide
104606984,5540,SA,Australia/Adelaide
111289092,5120,SA,Australia/Adelaide
114781587,5046,SA,Australia/Adelaide
120978945,5098,SA,Australia/Adelaide
124812208,5251,SA,Australia/Adelaide
131274554,5068,SA,Australia/Adelaide
132924920,5114,SA,Australia/Adelaide
140479363,5241,SA,Australia/Adelaide
148361225,5571,SA,Australia/Adelaide
148572752,5554,SA,Australia/Adelaide
149518199,5156,SA,Australia/Adelaide
150229405,5280,SA,Australia/Adelaide
151502549,5540,SA,Australia/Adelaide
155250962,5540,SA,Australia/Adelaide
156871513,5291,SA,Australia/Adelaide
160958253,5357,SA,Australia/Adelaide
162184559,5353,SA,Australia/Adelaide
173474789,5169,SA,Australia/Adelaide
175277920,5065,SA,Australia/Adelaide
180019410,5000,SA,Australia/Adelaide
180961988,5159,SA,Australia/Adelaide
181292595,5076,SA,Australia/Adelaide
184487914,5127,SA,Australia/Adelaide
186798934,5165,SA,Australia/Adelaide
201005302,5098,SA,Australia/Adelaide
207928329,5172,SA,Australia/Adelaide
209626474,5035,SA,Australia/Adelaide
209982469,5046,SA,Australia/Adelaide
214999228,5172,SA,Australia/Adelaide
224067099,5068,SA,Australia/Adelaide
225330552,5047,SA,Australia/Adelaide
227173663,5333,SA,Australia/Adelaide
230292804,5158,SA,Australia/Adelaide
234896542,5126,SA,Australia/Adelaide
238802594,5214,SA,Australia/Adelaide
241132918,5087,SA,Australia/Adelaide
243245418,5023,SA,Australia/Adelaide
243682996,5126,SA,Australia/Adelaide
248211517,5158,SA,Australia/Adelaide
251640027,5075,SA,Australia/Adelaide
254961634,5114,SA,Australia/Adelaide
261742864,5089,SA,Australia/Adelaide
270842689,5114,SA,Australia/Adelaide
273308331,5126,SA,Australia/Adelaide
279023285,5096,SA,Australia/Adelaide
284613936,5097,SA,Australia/Adelaide
285370982,5169,SA,Australia/Adelaide
299018959,5233,SA,Australia/Adelaide
301905284,5121,SA,Australia/Adelaide
308789808,5113,SA,Australia/Adelaide
311106032,5290,SA,Australia/Adelaide
318326432,5162,SA,Australia/Adelaide
324383011,5038,SA,Australia/Adelaide
325249955,5144,SA,Australia/Adelaide
329905639,5255,SA,Australia/Adelaide
346312826,5049,SA,Australia/Adelaide
353666124,5025,SA,Australia/Adelaide
361141894,5700,SA,Australia/Adelaide
363753520,5163,SA,Australia/Adelaide
365178462,5069,SA,Australia/Adelaide
366839929,5522,SA,Australia/Adelaide
367089606,5093,SA,Australia/Adelaide
368498594,5113,SA,Australia/Adelaide
369444466,5640,SA,Australia/Adelaide
372598261,5108,SA,Australia/Adelaide
380240220,5453,SA,Australia/Adelaide
393896925,5174,SA,Australia/Adelaide
399273511,5024,SA,Australia/Adelaide
408444566,5098,SA,Australia/Adelaide
410166739,5700,SA,Australia/Adelaide
414193674,5062,SA,Australia/Adelaide
416338041,5047,SA,Australia/Adelaide
427947147,5065,SA,Australia/Adelaide
434843249,5092,SA,Australia/Adelaide
438489505,5168,SA,Australia/Adelaide
450979971,5168,SA,Australia/Adelaide
451302910,5154,SA,Australia/Adelaide
454126181,5086,SA,Australia/Adelaide
455311527,5097,SA,Australia/Adelaide
457207756,5113,SA,Australia/Adelaide
461760906,5351,SA,Australia/Adelaide
471578500,5038,SA,Australia/Adelaide
473941608,5117,SA,Australia/Adelaide
474434550,5167,SA,Australia/Adelaide
474969329,5000,SA,Australia/Adelaide
482415667,5290,SA,Australia/Adelaide
483765346,5006,SA,Australia/Adelaide
484015043,5501,SA,Australia/Adelaide
486683100,5575,SA,Australia/Adelaide
491738960,5540,SA,Australia/Adelaide
498197779,5238,SA,Australia/Adelaide
498218049,5114,SA,Australia/Adelaide
499092258,5412,SA,Australia/Adelaide
500480407,5159,SA,Australia/Adelaide
507607210,5264,SA,Australia/Adelaide
508646679,5211,SA,Australia/Adelaide
509792561,5290,SA,Australia/Adelaide
514035418,5012,SA,Australia/Adelaide
523006338,5109,SA,Australia/Adelaide
523197228,5093,SA,Australia/Adelaide
526201149,5251,SA,Australia/Adelaide
534312378,5372,SA,Australia/Adelaide
540573917,5039,SA,Australia/Adelaide
543462290,5116,SA,Australia/Adelaide
560914542,5011,SA,Australia/Adelaide
564718501,5096,SA,Australia/Adelaide
577254714,5120,SA,Australia/Adelaide
580751221,5048,SA,Australia/Adelaide
582389565,5255,SA,Australia/Adelaide
602258401,5063,SA,Australia/Adelaide
604350171,5352,SA,Australia/Adelaide
605597269,5052,SA,Australia/Adelaide
608892230,5204,SA,Australia/Adelaide
610898845,5540,SA,Australia/Adelaide
618268881,5116,SA,Australia/Adelaide
622623656,5540,SA,Australia/Adelaide
630413413,5214,SA,Australia/Adelaide
640746620,5096,SA,Australia/Adelaide
643872032,5162,SA,Australia/Adelaide
646779159,5043,SA,Australia/Adelaide
648162589,5252,SA,Australia/Adelaide
651201322,5061,SA,Australia/Adelaide
654360459,5038,SA,Australia/Adelaide
654830696,5540,SA,Australia/Adelaide
655675858,5086,SA,Australia/Adelaide
658870669,5085,SA,Australia/Adelaide
658898702,5540,SA,Australia/Adelaide
661999908,5125,SA,Australia/Adelaide
690482299,5062,SA,Australia/Adelaide
696594828,5355,SA,Australia/Adelaide
697668478,5253,SA,Australia/Adelaide
698199034,5214,SA,Australia/Adelaide
703205506,5000,SA,Australia/Adelaide
703916894,5073,SA,Australia/Adelaide
706110783,5125,SA,Australia/Adelaide
708035755,5126,SA,Australia/Adelaide
711334729,5024,SA,Australia/Adelaide
713161495,5108,SA,Australia/Adelaide
717255832,5082,SA,Australia/Adelaide
718396967,5211,SA,Australia/Adelaide
725131478,5035,SA,Australia/Adelaide
740548463,5038,SA,Australia/Adelaide
753895301,5112,SA,Australia/Adelaide
760839422,5373,SA,Australia/Adelaide
763406852,5108,SA,Australia/Adelaide
764737258,5159,SA,Australia/Adelaide
768059371,5067,SA,Australia/Adelaide
772758512,5461,SA,Australia/Adelaide
773146795,5211,SA,Australia/Adelaide
776938214,5211,SA,Australia/Adelaide
779710440,5090,SA,Australia/Adelaide
794232428,5049,SA,Australia/Adelaide
795123380,5460,SA,Australia/Adelaide
808829848,5371,SA,Australia/Adelaide
813352066,5125,SA,Australia/Adelaide
817298209,5087,SA,Australia/Adelaide
817477821,5116,SA,Australia/Adelaide
829732787,5098,SA,Australia/Adelaide
837626739,5153,SA,Australia/Adelaide
838463268,5271,SA,Australia/Adelaide
842536946,5650,SA,Australia/Adelaide
844810334,5018,SA,Australia/Adelaide
845938888,5097,SA,Australia/Adelaide
851632191,5096,SA,Australia/Adelaide
854251191,5067,SA,Australia/Adelaide
869298002,5073,SA,Australia/Adelaide
874656799,5063,SA,Australia/Adelaide
890566213,5211,SA,Australia/Adelaide
901581188,5223,SA,Australia/Adelaide
911328034,5016,SA,Australia/Adelaide
912442478,5540,SA,Australia/Adelaide
929821664,5066,SA,Australia/Adelaide
936340410,5162,SA,Australia/Adelaide
939988702,5127,SA,Australia/Adelaide
950327612,5076,SA,Australia/Adelaide
950947360,5115,SA,Australia/Adelaide
954677442,5068,SA,Australia/Adelaide
958518404,5063,SA,Australia/Adelaide
962888980,5082,SA,Australia/Adelaide
976871793,5291,SA,Australia/Adelaide
978187323,5074,SA,Australia/Adelaide
987524506,5097,SA,Australia/Adelaide
992204849,5044,SA,Australia/Adelaide
995635763,5211,SA,Australia/Adelaide
1005189824,5162,SA,Australia/Adelaide
1010417080,5096,SA,Australia/Adelaide
1012666964,5159,SA,Australia/Adelaide
1027818795,5090,SA,Australia/Adelaide
1028253487,5214,SA,Australia/Adelaide
1029730840,5020,SA,Australia/Adelaide
1050275323,5460,SA,Australia/Adelaide
1077617649,5332,SA,Australia/Adelaide
1086543755,5018,SA,Australia/Adelaide
1097572696,5072,SA,Australia/Adelaide
1111496764,5173,SA,Australia/Adelaide
1130220291,5159,SA,Australia/Adelaide
1130559973,5011,SA,Australia/Adelaide
1132446944,5112,SA,Australia/Adelaide
1134082936,5064,SA,Australia/Adelaide
1148719107,5082,SA,Australia/Adelaide
1163092340,5073,SA,Australia/Adelaide
1164724401,5052,SA,Australia/Adelaide
1167071583,5008,SA,Australia/Adelaide
1169563390,5159,SA,Australia/Adelaide
1169923802,5211,SA,Australia/Adelaide
1175990088,5116,SA,Australia/Adelaide
1184296527,5096,SA,Australia/Adelaide
1185448107,5042,SA,Australia/Adelaide
1185785477,5204,SA,Australia/Adelaide
1189133974,5007,SA,Australia/Adelaide
1192912280,5091,SA,Australia/Adelaide
1196340262,5252,SA,Australia/Adelaide
1200997109,5066,SA,Australia/Adelaide
1206950552,5087,SA,Australia/Adelaide
1215424382,5251,SA,Australia/Adelaide
1217881361,5016,SA,Australia/Adelaide
1224645445,5575,SA,Australia/Adelaide
1225454453,5092,SA,Australia/Adelaide
1227247966,5112,SA,Australia/Adelaide
1243434392,5065,SA,Australia/Adelaide
1249539701,5501,SA,Australia/Adelaide
1249890026,5162,SA,Australia/Adelaide
1251822345,5290,SA,Australia/Adelaide
1252747947,5000,SA,Australia/Adelaide
1252759540,5097,SA,Australia/Adelaide
1264703125,5072,SA,Australia/Adelaide
1270295602,5212,SA,Australia/Adelaide
1271267586,5096,SA,Australia/Adelaide
1273635911,5109,SA,Australia/Adelaide
1291940731,5038,SA,Australia/Adelaide
1293524564,5271,SA,Australia/Adelaide
1298995772,5113,SA,Australia/Adelaide
1313494150,5540,SA,Australia/Adelaide
1318069509,5290,SA,Australia/Adelaide
1320170908,5098,SA,Australia/Adelaide
1323291603,5093,SA,Australia/Adelaide
1324411399,5083,SA,Australia/Adelaide
1327055432,5204,SA,Australia/Adelaide
1327996495,5092,SA,Australia/Adelaide
1337249340,5000,SA,Australia/Adelaide
1346996686,5162,SA,Australia/Adelaide
1356975168,5608,SA,Australia/Adelaide
1363207176,5355,SA,Australia/Adelaide
1365256601,5556,SA,Australia/Adelaide
1369128460,5121,SA,Australia/Adelaide
1374242508,5558,SA,Australia/Adelaide
1387827782,5558,SA,Australia/Adelaide
1397470404,5009,SA,Australia/Adelaide
1400820455,5211,SA,Australia/Adelaide
1408826188,5173,SA,Australia/Adelaide
1411751068,5092,SA,Australia/Adelaide
1414691501,5061,SA,Australia/Adelaide
1418391664,5602,SA,Australia/Adelaide
1419905798,5112,SA,Australia/Adelaide
1446597837,5093,SA,Australia/Adelaide
1451717697,5127,SA,Australia/Adelaide
1454114623,5453,SA,Australia/Adelaide
1454434019,5127,SA,Australia/Adelaide
1454926465,5063,SA,Australia/Adelaide
1463187225,5162,SA,Australia/Adelaide
1474118358,5109,SA,Australia/Adelaide
1483522124,5037,SA,Australia/Adelaide
1484619406,5540,SA,Australia/Adelaide
1497506882,5540,SA,Australia/Adelaide
1499926477,5211,SA,Australia/Adelaide
1500910872,5163,SA,Australia/Adelaide
1502727426,5371,SA,Australia/Adelaide
1514791550,5016,SA,Australia/Adelaide
1516536843,5067,SA,Australia/Adelaide
1521475970,5081,SA,Australia/Adelaide
1521564156,5022,SA,Australia/Adelaide
1525387851,5068,SA,Australia/Adelaide
1538714804,5351,SA,Australia/Adelaide
1539507508,5019,SA,Australia/Adelaide
1547229978,5163,SA,Australia/Adelaide
1548941050,5211,SA,Australia/Adelaide
1551666503,5061,SA,Australia/Adelaide
1553242672,5351,SA,Australia/Adelaide
1558307131,5116,SA,Australia/Adelaide
1565810752,5540,SA,Australia/Adelaide
1567487190,5238,SA,Australia/Adelaide
1569243606,5083,SA,Australia/Adelaide
1569736052,5351,SA,Australia/Adelaide
1571258784,5113,SA,Australia/Adelaide
1571751246,5015,SA,Australia/Adelaide
1572803638,5097,SA,Australia/Adelaide
1583247259,5049,SA,Australia/Adelaide
1583653402,5113,SA,Australia/Adelaide
1590337451,5014,SA,Australia/Adelaide
1595242429,5043,SA,Australia/Adelaide
1595315546,5607,SA,Australia/Adelaide
1609194808,5067,SA,Australia/Adelaide
1611644818,5092,SA,Australia/Adelaide
1613858439,5070,SA,Australia/Adelaide
1621789989,5168,SA,Australia/Adelaide
1624213803,5064,SA,Australia/Adelaide
1625003089,5608,SA,Australia/Adelaide
1627343554,5152,SA,Australia/Adelaide
1630196247,5083,SA,Australia/Adelaide
1633257981,5290,SA,Australia/Adelaide
1635132029,5012,SA,Australia/Adelaide
1640372843,5011,SA,Australia/Adelaide
1641082550,5162,SA,Australia/Adelaide
1643671620,5259,SA,Australia/Adelaide
1648456686,5125,SA,Australia/Adelaide
1657910859,5169,SA,Australia/Adelaide
1664180057,5290,SA,Australia/Adelaide
1668367852,5108,SA,Australia/Adelaide
1668983789,5018,SA,Australia/Adelaide
1672659944,5576,SA,Australia/Adelaide
1673682930,5023,SA,Australia/Adelaide
1693195704,5112,SA,Australia/Adelaide
1699744227,5073,SA,Australia/Adelaide
1705170604,5092,SA,Australia/Adelaide
1705386467,5540,SA,Australia/Adelaide
1714324166,5554,SA,Australia/Adelaide
1717096392,5109,SA,Australia/Adelaide
1718909087,5109,SA,Australia/Adelaide
1719359203,5021,SA,Australia/Adelaide
1720733000,5351,SA,Australia/Adelaide
1720739767,5168,SA,Australia/Adelaide
1721939572,5061,SA,Australia/Adelaide
1722985713,5042,SA,Australia/Adelaide
1730802122,5540,SA,Australia/Adelaide
1752008353,5291,SA,Australia/Adelaide
1764368667,5010,SA,Australia/Adelaide
1770092381,5580,SA,Australia/Adelaide
1773952615,5075,SA,Australia/Adelaide
1773957346,5096,SA,Australia/Adelaide
1778472015,5073,SA,Australia/Adelaide
1781559829,5108,SA,Australia/Adelaide
1790974090,5037,SA,Australia/Adelaide
1791189524,5126,SA,Australia/Adelaide
1793599361,5069,SA,Australia/Adelaide
1795912709,5116,SA,Australia/Adelaide
1803742652,5018,SA,Australia/Adelaide
1805494708,5097,SA,Australia/Adelaide
1805743893,5235,SA,Australia/Adelaide
1806186595,5223,SA,Australia/Adelaide
1813534190,5108,SA,Australia/Adelaide
1823028986,5037,SA,Australia/Adelaide
1823719890,5127,SA,Australia/Adelaide
1827056478,5108,SA,Australia/Adelaide
1835291537,5067,SA,Australia/Adelaide
1849965806,5251,SA,Australia/Adelaide
1876760166,5291,SA,Australia/Adelaide
1878059770,5114,SA,Australia/Adelaide
1881078334,5118,SA,Australia/Adelaide
1884562286,5092,SA,Australia/Adelaide
1887666321,5253,SA,Australia/Adelaide
1889352968,5540,SA,Australia/Adelaide
1897900340,5351,SA,Australia/Adelaide
1913688150,5540,SA,Australia/Adelaide
1914541121,5163,SA,Australia/Adelaide
1915677454,5159,SA,Australia/Adelaide
1919113627,5022,SA,Australia/Adelaide
1930056373,5290,SA,Australia/Adelaide
1938865317,5052,SA,Australia/Adelaide
1944766371,5042,SA,Australia/Adelaide
1949437590,5159,SA,Australia/Adelaide
1950496285,5051,SA,Australia/Adelaide
1952702668,5255,SA,Australia/Adelaide
1954512660,5043,SA,Australia/Adelaide
1956616043,5098,SA,Australia/Adelaide
1958751161,5061,SA,Australia/Adelaide
1978821901,5211,SA,Australia/Adelaide
1984183222,5108,SA,Australia/Adelaide
1985663444,5417,SA,Australia/Adelaide
1995199669,5062,SA,Australia/Adelaide
2004273156,5374,SA,Australia/Adelaide
2013114535,5540,SA,Australia/Adelaide
2018691808,5608,SA,Australia/Adelaide
2018745735,5203,SA,Australia/Adelaide
2019417461,5213,SA,Australia/Adelaide
2026791597,5021,SA,Australia/Adelaide
2041169551,5061,SA,Australia/Adelaide
2042306297,5038,SA,Australia/Adelaide
2046074886,5096,SA,Australia/Adelaide
2049570427,5291,SA,Australia/Adelaide
2055115232,5162,SA,Australia/Adelaide
2065140600,5043,SA,Australia/Adelaide
2069274571,5114,SA,Australia/Adelaide
2075157564,5255,SA,Australia/Adelaide
2082210271,5540,SA,Australia/Adelaide
2088538587,5032,SA,Australia/Adelaide
2089468114,5034,SA,Australia/Adelaide
2096255223,5161,SA,Australia/Adelaide
2111233669,5022,SA,Australia/Adelaide
2113131255,5251,SA,Australia/Adelaide
2115306835,5453,SA,Australia/Adelaide
2117632346,5158,SA,Australia/Adelaide
2128645443,5280,SA,Australia/Adelaide
2133691567,5065,SA,Australia/Adelaide
2143522751,5606,SA,Australia/Adelaide
184475792,7321,TAS,Australia/Hobart
554728390,7300,TAS,Australia/Hobart
778843496,7467,TAS,Australia/Hobart
969129692,7300,TAS,Australia/Hobart
1684530231,7190,TAS,Australia/Hobart
76063941,3870,VIC,Australia/Melbourne
84422484,3109,VIC,Australia/Melbourne
88916369,3756,VIC,Australia/Melbourne
90656844,3640,VIC,Australia/Melbourne
104289536,3340,VIC,Australia/Melbourne
179391177,3875,VIC,Australia/Melbourne
182391262,3823,VIC,Australia/Melbourne
190227444,3551,VIC,Australia/Melbourne
234019608,3685,VIC,Australia/Melbourne
245940482,3904,VIC,Australia/Melbourne
280177824,3128,VIC,Australia/Melbourne
303012131,3804,VIC,Australia/Melbourne
307897818,3429,VIC,Australia/Melbourne
325961161,3039,VIC,Australia/Melbourne
344603139,3072,VIC,Australia/Melbourne
374724335,3465,VIC,Australia/Melbourne
406665459,3860,VIC,Australia/Melbourne
468419367,3130,VIC,Australia/Melbourne
522334612,3966,VIC,Australia/Melbourne
550626679,3854,VIC,Australia/Melbourne
564031330,3636,VIC,Australia/Melbourne
622019316,3451,VIC,Australia/Melbourne
622453512,3207,VIC,Australia/Melbourne
639611384,3178,VIC,Australia/Melbourne
671875973,3139,VIC,Australia/Melbourne
724382291,3029,VIC,Australia/Melbourne
730844581,3429,VIC,Australia/Melbourne
731307124,3953,VIC,Australia/Melbourne
735688331,3338,VIC,Australia/Melbourne
763020844,3186,VIC,Australia/Hobart
784466929,3350,VIC,Australia/Melbourne
799535416,3140,VIC,Australia/Melbourne
829760654,3451,VIC,Australia/Melbourne
895252463,3806,VIC,Australia/Melbourne
922780999,3116,VIC,Australia/Melbourne
938532304,3012,VIC,Australia/Melbourne
967272122,3550,VIC,Australia/Melbourne
967417084,3192,VIC,Australia/Melbourne
1016825487,3024,VIC,Australia/Melbourne
1021685091,3144,VIC,Australia/Melbourne
1030061943,3960,VIC,Australia/Melbourne
1030481676,3796,VIC,Australia/Melbourne
1030670998,3373,VIC,Australia/Melbourne
1053878734,3808,VIC,Australia/Melbourne
1111661664,3032,VIC,Australia/Melbourne
1121550038,3135,VIC,Australia/Melbourne
1122736936,3429,VIC,Australia/Melbourne
1146431718,3844,VIC,Australia/Melbourne
1161698829,3429,VIC,Australia/Melbourne
1163561765,3135,VIC,Australia/Melbourne
1191999589,3875,VIC,Australia/Melbourne
1261535772,3977,VIC,Australia/Melbourne
1265518510,3862,VIC,Australia/Melbourne
1268174477,3228,VIC,Australia/Melbourne
1291436144,3844,VIC,Australia/Melbourne
1298009313,3807,VIC,Australia/Melbourne
1334120534,3064,VIC,Australia/Melbourne
1354091278,3844,VIC,Australia/Melbourne
1359535458,3180,VIC,Australia/Melbourne
1362222781,3831,VIC,Australia/Melbourne
1427739964,3875,VIC,Australia/Melbourne
1479321251,3465,VIC,Australia/Melbourne
1483947664,3130,VIC,Australia/Melbourne
1502555054,3820,VIC,Australia/Melbourne
1546706078,3631,VIC,Australia/Melbourne
1549719741,3191,VIC,Australia/Melbourne
1566352425,3128,VIC,Australia/Melbourne
1581399732,3350,VIC,Australia/Melbourne
1587499705,3795,VIC,Australia/Melbourne
1662328714,3795,VIC,Australia/Melbourne
1663599757,3029,VIC,Australia/Melbourne
1710301060,3338,VIC,Australia/Melbourne
1746875012,3015,VIC,Australia/Melbourne
1776617362,3465,VIC,Australia/Melbourne
1797355940,3465,VIC,Australia/Melbourne
1810516818,3658,VIC,Australia/Melbourne
1813086106,3882,VIC,Australia/Melbourne
1824558384,3851,VIC,Australia/Melbourne
1839157145,3929,VIC,Australia/Melbourne
1872020025,3429,VIC,Australia/Melbourne
1920574210,3081,VIC,Australia/Melbourne
1987399172,3199,VIC,Australia/Melbourne
1991689216,3136,VIC,Australia/Melbourne
2031340415,3818,VIC,Australia/Melbourne
2040823598,3831,VIC,Australia/Melbourne
2049940494,3124,VIC,Australia/Melbourne
2066644438,3984,VIC,Australia/Melbourne
2094972963,3871,VIC,Australia/Melbourne
2147280243,3103,VIC,Australia/Hobart
193239557,6027,WA,Australia/Perth
278272062,6232,WA,Australia/Perth
372121644,6062,WA,Australia/Perth
471000165,6218,WA,Australia/Perth
519780331,6230,WA,Australia/Perth
801471097,6232,WA,Australia/Perth
893990872,6102,WA,Australia/Perth
1096749741,6210,WA,Australia/Perth
1312583523,6064,WA,Australia/Perth
1439680213,6164,WA,Australia/Perth
1442391106,6432,WA,Australia/Perth
1494064458,6010,WA,Australia/Perth
1617518266,6073,WA,Australia/Perth
2104193040,6208,WA,Australia/Perth
